key	recordType	unit	title	data	sourceDocumentId	pageFrom	pageTo	section	verification
GEO-DENSITY-CLASS-1	SignalDensityClass	m2-10000	Mật độ tín hiệu loại 1	minSignalExclusive=-1;maxSignalInclusive=69;minOrdnancePercentExclusive=-1;maxOrdnancePercentExclusive=2	VBHN97-2025-BQP	5	5	Phụ lục I, Phần I, mục 3b, Bảng 2, dòng 1	VerifiedAgainstOfficialSource
GEO-DENSITY-CLASS-2	SignalDensityClass	m2-10000	Mật độ tín hiệu loại 2	minSignalInclusive=70;maxSignalInclusive=120;minOrdnancePercentExclusive=2;maxOrdnancePercentInclusive=4	VBHN97-2025-BQP	5	5	Phụ lục I, Phần I, mục 3b, Bảng 2, dòng 2	VerifiedAgainstOfficialSource
GEO-DENSITY-CLASS-3	SignalDensityClass	m2-10000	Mật độ tín hiệu loại 3	minSignalExclusive=120;maxSignalInclusive=180;minOrdnancePercentExclusive=4;maxOrdnancePercentInclusive=6	VBHN97-2025-BQP	5	5	Phụ lục I, Phần I, mục 3b, Bảng 2, dòng 3	VerifiedAgainstOfficialSource
GEO-DENSITY-CLASS-4	SignalDensityClass	m2-10000	Mật độ tín hiệu loại 4	minSignalExclusive=180;maxSignalInclusive=250;minOrdnancePercentExclusive=6;maxOrdnancePercentInclusive=8	VBHN97-2025-BQP	5	5	Phụ lục I, Phần I, mục 3b, Bảng 2, dòng 4	VerifiedAgainstOfficialSource
GEO-DENSITY-CLASS-SPECIAL	SignalDensityClass	m2-10000	Mật độ tín hiệu loại đặc biệt	minSignalExclusive=250;maxSignalInclusive=none;minOrdnancePercentExclusive=8;maxOrdnancePercentInclusive=none	VBHN97-2025-BQP	5	5	Phụ lục I, Phần I, mục 3b, Bảng 2, dòng 5	VerifiedAgainstOfficialSource
GEO-LAND-ZONE-1	GeographyZone	locality	Khu vực 1 trên cạn và dưới nước	priority=1;scope=all-localities-not-in-zones-2-3-4	VBHN97-2025-BQP	5	14	Phụ lục I, Phần I, mục 4a, Khu vực 1	VerifiedAgainstOfficialSource
GEO-LAND-ZONE-2	GeographyZone	locality	Khu vực 2 trên cạn và dưới nước	priority=2;scope=official-locality-list	VBHN97-2025-BQP	5	14	Phụ lục I, Phần I, mục 4a, Khu vực 2	VerifiedAgainstOfficialSource
GEO-LAND-ZONE-3	GeographyZone	locality	Khu vực 3 trên cạn và dưới nước	priority=3;scope=official-locality-list	VBHN97-2025-BQP	5	14	Phụ lục I, Phần I, mục 4a, Khu vực 3	VerifiedAgainstOfficialSource
GEO-LAND-ZONE-4	GeographyZone	locality	Khu vực 4 trên cạn và dưới nước	priority=4;scope=official-border-and-locality-list	VBHN97-2025-BQP	5	14	Phụ lục I, Phần I, mục 4a, Khu vực 4	VerifiedAgainstOfficialSource
GEO-SEA-ZONE-1	GeographyZone	coastal-area	Khu vực 1 dưới biển	priority=1;scope=all-coastal-areas-not-in-zones-2-3	VBHN97-2025-BQP	14	14	Phụ lục I, Phần I, mục 4b, Khu vực 1	VerifiedAgainstOfficialSource
GEO-SEA-ZONE-2	GeographyZone	coastal-area	Khu vực 2 dưới biển	priority=2;provinces=Thanh-Hoa,Nghe-An,Hue,Gia-Lai,Da-Nang,Ho-Chi-Minh,Ca-Mau,An-Giang	VBHN97-2025-BQP	14	14	Phụ lục I, Phần I, mục 4b, Khu vực 2	VerifiedAgainstOfficialSource
GEO-SEA-ZONE-3	GeographyZone	coastal-area	Khu vực 3 dưới biển	priority=3;provinces=Quang-Ninh,Hai-Phong,Ha-Tinh,Quang-Tri	VBHN97-2025-BQP	14	14	Phụ lục I, Phần I, mục 4b, Khu vực 3	VerifiedAgainstOfficialSource
GEO-SEA-ZONE-SPECIAL	GeographyZone	coastal-area	Khu vực đặc biệt dưới biển	priority=4;scope=old-offshore-demolition-areas	VBHN97-2025-BQP	14	14	Phụ lục I, Phần I, mục 4b, Khu vực đặc biệt	VerifiedAgainstOfficialSource
GEO-LAND-SIGNAL-ZONE-1	SignalDensityTable	m2-10000	Số lượng tín hiệu trên cạn khu vực 1	depth-0.3-or-0.5=70;depth-over-0.3-to-1=10;depth-over-1-to-3=3;depth-over-3-to-5=0.3;depth-over-5-to-10=0.03	VBHN97-2025-BQP	14	14	Phụ lục I, Phần I, mục 5a, dòng 1	VerifiedAgainstOfficialSource
GEO-LAND-SIGNAL-ZONE-2	SignalDensityTable	m2-10000	Số lượng tín hiệu trên cạn khu vực 2	depth-0.3-or-0.5=120;depth-over-0.3-to-1=15;depth-over-1-to-3=4;depth-over-3-to-5=0.5;depth-over-5-to-10=0.05	VBHN97-2025-BQP	14	14	Phụ lục I, Phần I, mục 5a, dòng 2	VerifiedAgainstOfficialSource
GEO-LAND-SIGNAL-ZONE-3	SignalDensityTable	m2-10000	Số lượng tín hiệu trên cạn khu vực 3	depth-0.3-or-0.5=175;depth-over-0.3-to-1=20;depth-over-1-to-3=5;depth-over-3-to-5=1;depth-over-5-to-10=0.1	VBHN97-2025-BQP	14	14	Phụ lục I, Phần I, mục 5a, dòng 3	VerifiedAgainstOfficialSource
GEO-LAND-SIGNAL-ZONE-4	SignalDensityTable	m2-10000	Số lượng tín hiệu trên cạn khu vực 4	depth-0.3-or-0.5=245;depth-over-0.3-to-1=25;depth-over-1-to-3=6;depth-over-3-to-5=1.5;depth-over-5-to-10=0.2	VBHN97-2025-BQP	14	14	Phụ lục I, Phần I, mục 5a, dòng 4	VerifiedAgainstOfficialSource
GEO-LAND-SIGNAL-SPECIAL	SignalDensityTable	m2-10000	Số lượng tín hiệu trên cạn khu vực đặc biệt	depth-0.3-or-0.5=over-245;depth-over-0.3-to-1=over-25;depth-over-1-to-3=over-6;depth-over-3-to-5=over-1.5;depth-over-5-to-10=over-0.2	VBHN97-2025-BQP	14	14	Phụ lục I, Phần I, mục 5a, dòng 5	VerifiedAgainstOfficialSource
GEO-WATER-SIGNAL-ZONE-1	SignalDensityTable	m2-10000	Số lượng tín hiệu dưới nước khu vực 1	depth-to-0.5=20;depth-over-0.5-to-1=1;depth-over-1-to-10=0.1	VBHN97-2025-BQP	15	15	Phụ lục I, Phần I, mục 5b, dòng 1	VerifiedAgainstOfficialSource
GEO-WATER-SIGNAL-ZONE-2	SignalDensityTable	m2-10000	Số lượng tín hiệu dưới nước khu vực 2	depth-to-0.5=40;depth-over-0.5-to-1=2;depth-over-1-to-10=0.3	VBHN97-2025-BQP	15	15	Phụ lục I, Phần I, mục 5b, dòng 2	VerifiedAgainstOfficialSource
GEO-WATER-SIGNAL-ZONE-3	SignalDensityTable	m2-10000	Số lượng tín hiệu dưới nước khu vực 3	depth-to-0.5=70;depth-over-0.5-to-1=3;depth-over-1-to-10=0.5	VBHN97-2025-BQP	15	15	Phụ lục I, Phần I, mục 5b, dòng 3	VerifiedAgainstOfficialSource
GEO-WATER-SIGNAL-ZONE-4	SignalDensityTable	m2-10000	Số lượng tín hiệu dưới nước khu vực 4	depth-to-0.5=80;depth-over-0.5-to-1=4;depth-over-1-to-10=1	VBHN97-2025-BQP	15	15	Phụ lục I, Phần I, mục 5b, dòng 4	VerifiedAgainstOfficialSource
GEO-WATER-SIGNAL-SPECIAL	SignalDensityTable	m2-10000	Số lượng tín hiệu dưới nước khu vực đặc biệt	depth-to-0.5=over-80;depth-over-0.5-to-1=over-4;depth-over-1-to-10=over-1	VBHN97-2025-BQP	15	15	Phụ lục I, Phần I, mục 5b, dòng 5	VerifiedAgainstOfficialSource
GEO-SEA-SIGNAL-ZONE-1	SignalDensityTable	m2-10000	Số lượng tín hiệu dưới biển khu vực 1	seabed-surface=15;depth-to-1=1;depth-to-5=0.1	VBHN97-2025-BQP	15	15	Phụ lục I, Phần I, mục 5c, dòng 1	VerifiedAgainstOfficialSource
GEO-SEA-SIGNAL-ZONE-2	SignalDensityTable	m2-10000	Số lượng tín hiệu dưới biển khu vực 2	seabed-surface=over-15-to-23;depth-to-1=over-1-to-3;depth-to-5=0.3	VBHN97-2025-BQP	15	15	Phụ lục I, Phần I, mục 5c, dòng 2	VerifiedAgainstOfficialSource
GEO-SEA-SIGNAL-ZONE-3	SignalDensityTable	m2-10000	Số lượng tín hiệu dưới biển khu vực 3	seabed-surface=over-23-to-30;depth-to-1=over-3-to-4;depth-to-5=0.5	VBHN97-2025-BQP	15	15	Phụ lục I, Phần I, mục 5c, dòng 3	VerifiedAgainstOfficialSource
GEO-SEA-SIGNAL-SPECIAL	SignalDensityTable	m2-10000	Số lượng tín hiệu dưới biển khu vực đặc biệt	seabed-surface=over-30;depth-to-1=over-4;depth-to-5=over-0.5	VBHN97-2025-BQP	15	15	Phụ lục I, Phần I, mục 5c, dòng 4	VerifiedAgainstOfficialSource
GEO-FOREST-CLASS-1	TerrainClass	m2-100	Rừng loại 1	class=1;description=grass-shrub-dry-ground-with-occasional-trees	VBHN97-2025-BQP	15	16	Phụ lục I, Phần I, mục 6, loại I	VerifiedAgainstOfficialSource
GEO-FOREST-CLASS-2	TerrainClass	m2-100	Rừng loại 2	class=2;description=young-forest-or-dense-grass-wet-ground	VBHN97-2025-BQP	15	16	Phụ lục I, Phần I, mục 6, loại II	VerifiedAgainstOfficialSource
GEO-FOREST-CLASS-3	TerrainClass	m2-100	Rừng loại 3	class=3;description=logged-forest-dense-regrowth-or-swamp-vegetation	VBHN97-2025-BQP	15	16	Phụ lục I, Phần I, mục 6, loại III	VerifiedAgainstOfficialSource
GEO-FOREST-CLASS-4	TerrainClass	m2-100	Rừng loại 4	class=4;description=dense-bamboo-or-swamp-forest	VBHN97-2025-BQP	15	16	Phụ lục I, Phần I, mục 6, loại IV	VerifiedAgainstOfficialSource
GEO-SOIL-CLASS-1	TerrainClass	m3	Cấp đất I	class=1;groups=1-3;tool=shovel	VBHN97-2025-BQP	16	18	Phụ lục I, Phần I, mục 7, cấp I	VerifiedAgainstOfficialSource
GEO-SOIL-CLASS-2	TerrainClass	m3	Cấp đất II	class=2;groups=4-6;tool=spade-or-hoe	VBHN97-2025-BQP	16	18	Phụ lục I, Phần I, mục 7, cấp II	VerifiedAgainstOfficialSource
GEO-SOIL-CLASS-3	TerrainClass	m3	Cấp đất III	class=3;groups=7-8;tool=pickaxe	VBHN97-2025-BQP	16	18	Phụ lục I, Phần I, mục 7, cấp III	VerifiedAgainstOfficialSource
GEO-SOIL-CLASS-4	TerrainClass	m3	Cấp đất IV	class=4;groups=9-10;tool=crowbar-hammer	VBHN97-2025-BQP	16	18	Phụ lục I, Phần I, mục 7, cấp IV	VerifiedAgainstOfficialSource
GEO-LOCALITY-LANG-SON	LocalityZoneAssignment	locality	Phân vùng địa bàn Lạng Sơn	tableRow=1;province=Lạng Sơn;zones=4,3,1;fallbackZone=1;resolution=explicit-locality-first-then-fallback;conflictRule=highest-zone-priority	VBHN97-2025-BQP	5	5	Phụ lục I, Phần I, mục 4a, dòng 1 - Lạng Sơn	VerifiedAgainstOfficialSource
GEO-LOCALITY-CAO-BANG	LocalityZoneAssignment	locality	Phân vùng địa bàn Cao Bằng	tableRow=2;province=Cao Bằng;zones=4,3,1;fallbackZone=1;resolution=explicit-locality-first-then-fallback;conflictRule=highest-zone-priority	VBHN97-2025-BQP	5	5	Phụ lục I, Phần I, mục 4a, dòng 2 - Cao Bằng	VerifiedAgainstOfficialSource
GEO-LOCALITY-BAC-NINH	LocalityZoneAssignment	locality	Phân vùng địa bàn Bắc Ninh	tableRow=3;province=Bắc Ninh;zones=2,1;fallbackZone=1;resolution=explicit-locality-first-then-fallback;conflictRule=highest-zone-priority	VBHN97-2025-BQP	5	5	Phụ lục I, Phần I, mục 4a, dòng 3 - Bắc Ninh	VerifiedAgainstOfficialSource
GEO-LOCALITY-THAI-NGUYEN	LocalityZoneAssignment	locality	Phân vùng địa bàn Thái Nguyên	tableRow=4;province=Thái Nguyên;zones=2,1;fallbackZone=1;resolution=explicit-locality-first-then-fallback;conflictRule=highest-zone-priority	VBHN97-2025-BQP	5	6	Phụ lục I, Phần I, mục 4a, dòng 4 - Thái Nguyên	VerifiedAgainstOfficialSource
GEO-LOCALITY-TUYEN-QUANG	LocalityZoneAssignment	locality	Phân vùng địa bàn Tuyên Quang	tableRow=5;province=Tuyên Quang;zones=4,3,1;fallbackZone=1;resolution=explicit-locality-first-then-fallback;conflictRule=highest-zone-priority	VBHN97-2025-BQP	6	6	Phụ lục I, Phần I, mục 4a, dòng 5 - Tuyên Quang	VerifiedAgainstOfficialSource
GEO-LOCALITY-LAO-CAI	LocalityZoneAssignment	locality	Phân vùng địa bàn Lào Cai	tableRow=6;province=Lào Cai;zones=3,1;fallbackZone=1;resolution=explicit-locality-first-then-fallback;conflictRule=highest-zone-priority	VBHN97-2025-BQP	6	6	Phụ lục I, Phần I, mục 4a, dòng 6 - Lào Cai	VerifiedAgainstOfficialSource
GEO-LOCALITY-LAI-CHAU	LocalityZoneAssignment	locality	Phân vùng địa bàn Lai Châu	tableRow=7;province=Lai Châu;zones=3,1;fallbackZone=1;resolution=explicit-locality-first-then-fallback;conflictRule=highest-zone-priority	VBHN97-2025-BQP	6	6	Phụ lục I, Phần I, mục 4a, dòng 7 - Lai Châu	VerifiedAgainstOfficialSource
GEO-LOCALITY-DIEN-BIEN	LocalityZoneAssignment	locality	Phân vùng địa bàn Điện Biên	tableRow=8;province=Điện Biên;zones=3,1;fallbackZone=1;resolution=explicit-locality-first-then-fallback;conflictRule=highest-zone-priority	VBHN97-2025-BQP	6	6	Phụ lục I, Phần I, mục 4a, dòng 8 - Điện Biên	VerifiedAgainstOfficialSource
GEO-LOCALITY-SON-LA	LocalityZoneAssignment	locality	Phân vùng địa bàn Sơn La	tableRow=9;province=Sơn La;zones=1;fallbackZone=1;resolution=explicit-locality-first-then-fallback;conflictRule=highest-zone-priority	VBHN97-2025-BQP	6	6	Phụ lục I, Phần I, mục 4a, dòng 9 - Sơn La	VerifiedAgainstOfficialSource
GEO-LOCALITY-PHU-THO	LocalityZoneAssignment	locality	Phân vùng địa bàn Phú Thọ	tableRow=10;province=Phú Thọ;zones=1;fallbackZone=1;resolution=explicit-locality-first-then-fallback;conflictRule=highest-zone-priority	VBHN97-2025-BQP	6	6	Phụ lục I, Phần I, mục 4a, dòng 10 - Phú Thọ	VerifiedAgainstOfficialSource
GEO-LOCALITY-QUANG-NINH	LocalityZoneAssignment	locality	Phân vùng địa bàn Quảng Ninh	tableRow=11;province=Quảng Ninh;zones=3,2,1;fallbackZone=1;resolution=explicit-locality-first-then-fallback;conflictRule=highest-zone-priority	VBHN97-2025-BQP	6	7	Phụ lục I, Phần I, mục 4a, dòng 11 - Quảng Ninh	VerifiedAgainstOfficialSource
GEO-LOCALITY-HAI-PHONG	LocalityZoneAssignment	locality	Phân vùng địa bàn Thành phố Hải Phòng	tableRow=12;province=Thành phố Hải Phòng;zones=2,1;fallbackZone=1;resolution=explicit-locality-first-then-fallback;conflictRule=highest-zone-priority	VBHN97-2025-BQP	7	7	Phụ lục I, Phần I, mục 4a, dòng 12 - Thành phố Hải Phòng	VerifiedAgainstOfficialSource
GEO-LOCALITY-HUNG-YEN	LocalityZoneAssignment	locality	Phân vùng địa bàn Hưng Yên	tableRow=13;province=Hưng Yên;zones=2,1;fallbackZone=1;resolution=explicit-locality-first-then-fallback;conflictRule=highest-zone-priority	VBHN97-2025-BQP	7	7	Phụ lục I, Phần I, mục 4a, dòng 13 - Hưng Yên	VerifiedAgainstOfficialSource
GEO-LOCALITY-NINH-BINH	LocalityZoneAssignment	locality	Phân vùng địa bàn Ninh Bình	tableRow=14;province=Ninh Bình;zones=2,1;fallbackZone=1;resolution=explicit-locality-first-then-fallback;conflictRule=highest-zone-priority	VBHN97-2025-BQP	7	7	Phụ lục I, Phần I, mục 4a, dòng 14 - Ninh Bình	VerifiedAgainstOfficialSource
GEO-LOCALITY-THANH-HOA	LocalityZoneAssignment	locality	Phân vùng địa bàn Thanh Hóa	tableRow=15;province=Thanh Hóa;zones=2,1;fallbackZone=1;resolution=explicit-locality-first-then-fallback;conflictRule=highest-zone-priority	VBHN97-2025-BQP	7	8	Phụ lục I, Phần I, mục 4a, dòng 15 - Thanh Hóa	VerifiedAgainstOfficialSource
GEO-LOCALITY-NGHE-AN	LocalityZoneAssignment	locality	Phân vùng địa bàn Nghệ An	tableRow=16;province=Nghệ An;zones=2,1;fallbackZone=1;resolution=explicit-locality-first-then-fallback;conflictRule=highest-zone-priority	VBHN97-2025-BQP	8	8	Phụ lục I, Phần I, mục 4a, dòng 16 - Nghệ An	VerifiedAgainstOfficialSource
GEO-LOCALITY-HA-TINH	LocalityZoneAssignment	locality	Phân vùng địa bàn Hà Tĩnh	tableRow=17;province=Hà Tĩnh;zones=2,1;fallbackZone=1;resolution=explicit-locality-first-then-fallback;conflictRule=highest-zone-priority	VBHN97-2025-BQP	8	9	Phụ lục I, Phần I, mục 4a, dòng 17 - Hà Tĩnh	VerifiedAgainstOfficialSource
GEO-LOCALITY-QUANG-TRI	LocalityZoneAssignment	locality	Phân vùng địa bàn Quảng Trị	tableRow=18;province=Quảng Trị;zones=4,3,2;fallbackZone=3;resolution=explicit-locality-first-then-fallback;conflictRule=highest-zone-priority	VBHN97-2025-BQP	9	9	Phụ lục I, Phần I, mục 4a, dòng 18 - Quảng Trị	VerifiedAgainstOfficialSource
GEO-LOCALITY-HUE	LocalityZoneAssignment	locality	Phân vùng địa bàn Thành phố Huế	tableRow=19;province=Thành phố Huế;zones=4,2,1;fallbackZone=1;resolution=explicit-locality-first-then-fallback;conflictRule=highest-zone-priority	VBHN97-2025-BQP	9	9	Phụ lục I, Phần I, mục 4a, dòng 19 - Thành phố Huế	VerifiedAgainstOfficialSource
GEO-LOCALITY-DA-NANG	LocalityZoneAssignment	locality	Phân vùng địa bàn Thành phố Đà Nẵng	tableRow=20;province=Thành phố Đà Nẵng;zones=3,2,1;fallbackZone=1;resolution=explicit-locality-first-then-fallback;conflictRule=highest-zone-priority	VBHN97-2025-BQP	9	10	Phụ lục I, Phần I, mục 4a, dòng 20 - Thành phố Đà Nẵng	VerifiedAgainstOfficialSource
GEO-LOCALITY-QUANG-NGAI	LocalityZoneAssignment	locality	Phân vùng địa bàn Quảng Ngãi	tableRow=21;province=Quảng Ngãi;zones=3,2,1;fallbackZone=1;resolution=explicit-locality-first-then-fallback;conflictRule=highest-zone-priority	VBHN97-2025-BQP	10	10	Phụ lục I, Phần I, mục 4a, dòng 21 - Quảng Ngãi	VerifiedAgainstOfficialSource
GEO-LOCALITY-GIA-LAI	LocalityZoneAssignment	locality	Phân vùng địa bàn Gia Lai	tableRow=22;province=Gia Lai;zones=3,2,1;fallbackZone=1;resolution=explicit-locality-first-then-fallback;conflictRule=highest-zone-priority	VBHN97-2025-BQP	10	11	Phụ lục I, Phần I, mục 4a, dòng 22 - Gia Lai	VerifiedAgainstOfficialSource
GEO-LOCALITY-DAK-LAK	LocalityZoneAssignment	locality	Phân vùng địa bàn Đắk Lắk	tableRow=23;province=Đắk Lắk;zones=3,2,1;fallbackZone=1;resolution=explicit-locality-first-then-fallback;conflictRule=highest-zone-priority	VBHN97-2025-BQP	11	11	Phụ lục I, Phần I, mục 4a, dòng 23 - Đắk Lắk	VerifiedAgainstOfficialSource
GEO-LOCALITY-KHANH-HOA	LocalityZoneAssignment	locality	Phân vùng địa bàn Khánh Hòa	tableRow=24;province=Khánh Hòa;zones=3,2,1;fallbackZone=1;resolution=explicit-locality-first-then-fallback;conflictRule=highest-zone-priority	VBHN97-2025-BQP	11	11	Phụ lục I, Phần I, mục 4a, dòng 24 - Khánh Hòa	VerifiedAgainstOfficialSource
GEO-LOCALITY-LAM-DONG	LocalityZoneAssignment	locality	Phân vùng địa bàn Lâm Đồng	tableRow=25;province=Lâm Đồng;zones=2,1;fallbackZone=1;resolution=explicit-locality-first-then-fallback;conflictRule=highest-zone-priority	VBHN97-2025-BQP	11	11	Phụ lục I, Phần I, mục 4a, dòng 25 - Lâm Đồng	VerifiedAgainstOfficialSource
GEO-LOCALITY-DONG-NAI	LocalityZoneAssignment	locality	Phân vùng địa bàn Đồng Nai	tableRow=26;province=Đồng Nai;zones=2,1;fallbackZone=1;resolution=explicit-locality-first-then-fallback;conflictRule=highest-zone-priority	VBHN97-2025-BQP	12	12	Phụ lục I, Phần I, mục 4a, dòng 26 - Đồng Nai	VerifiedAgainstOfficialSource
GEO-LOCALITY-TAY-NINH	LocalityZoneAssignment	locality	Phân vùng địa bàn Tây Ninh	tableRow=27;province=Tây Ninh;zones=3,2,1;fallbackZone=1;resolution=explicit-locality-first-then-fallback;conflictRule=highest-zone-priority	VBHN97-2025-BQP	12	12	Phụ lục I, Phần I, mục 4a, dòng 27 - Tây Ninh	VerifiedAgainstOfficialSource
GEO-LOCALITY-HO-CHI-MINH	LocalityZoneAssignment	locality	Phân vùng địa bàn Thành phố Hồ Chí Minh	tableRow=28;province=Thành phố Hồ Chí Minh;zones=3,2,1;fallbackZone=1;resolution=explicit-locality-first-then-fallback;conflictRule=highest-zone-priority	VBHN97-2025-BQP	12	12	Phụ lục I, Phần I, mục 4a, dòng 28 - Thành phố Hồ Chí Minh	VerifiedAgainstOfficialSource
GEO-LOCALITY-DONG-THAP	LocalityZoneAssignment	locality	Phân vùng địa bàn Đồng Tháp	tableRow=29;province=Đồng Tháp;zones=3,2,1;fallbackZone=1;resolution=explicit-locality-first-then-fallback;conflictRule=highest-zone-priority	VBHN97-2025-BQP	12	13	Phụ lục I, Phần I, mục 4a, dòng 29 - Đồng Tháp	VerifiedAgainstOfficialSource
GEO-LOCALITY-CAN-THO	LocalityZoneAssignment	locality	Phân vùng địa bàn Cần Thơ	tableRow=30;province=Cần Thơ;zones=3,2,1;fallbackZone=1;resolution=explicit-locality-first-then-fallback;conflictRule=highest-zone-priority	VBHN97-2025-BQP	13	13	Phụ lục I, Phần I, mục 4a, dòng 30 - Cần Thơ	VerifiedAgainstOfficialSource
GEO-LOCALITY-VINH-LONG	LocalityZoneAssignment	locality	Phân vùng địa bàn Vĩnh Long	tableRow=31;province=Vĩnh Long;zones=2,1;fallbackZone=1;resolution=explicit-locality-first-then-fallback;conflictRule=highest-zone-priority	VBHN97-2025-BQP	13	13	Phụ lục I, Phần I, mục 4a, dòng 31 - Vĩnh Long	VerifiedAgainstOfficialSource
GEO-LOCALITY-AN-GIANG	LocalityZoneAssignment	locality	Phân vùng địa bàn An Giang	tableRow=32;province=An Giang;zones=2,1;fallbackZone=1;resolution=explicit-locality-first-then-fallback;conflictRule=highest-zone-priority	VBHN97-2025-BQP	13	13	Phụ lục I, Phần I, mục 4a, dòng 32 - An Giang	VerifiedAgainstOfficialSource
GEO-LOCALITY-CA-MAU	LocalityZoneAssignment	locality	Phân vùng địa bàn Cà Mau	tableRow=33;province=Cà Mau;zones=2,1;fallbackZone=1;resolution=explicit-locality-first-then-fallback;conflictRule=highest-zone-priority	VBHN97-2025-BQP	14	14	Phụ lục I, Phần I, mục 4a, dòng 33 - Cà Mau	VerifiedAgainstOfficialSource
GEO-LOCALITY-HA-NOI	LocalityZoneAssignment	locality	Phân vùng địa bàn Thành phố Hà Nội	tableRow=34;province=Thành phố Hà Nội;zones=1;fallbackZone=1;resolution=explicit-locality-first-then-fallback;conflictRule=highest-zone-priority	VBHN97-2025-BQP	14	14	Phụ lục I, Phần I, mục 4a, dòng 34 - Thành phố Hà Nội	VerifiedAgainstOfficialSource
